Player,Position,Team,Round,Draft Slot,Keeper,Picked By,Owner
Derrick Henry,RB,TEN,1,1,,David,David
Christian McCaffrey,RB,CAR,1,2,,Damon,Damon
Dalvin Cook,RB,MIN,1,3,,Chuck,Chuck
Joe Mixon,RB,CIN,1,4,,Stephen,Stephen
Davante Adams,WR,LV,1,5,,Chris,Chris
Najee Harris,RB,PIT,1,6,,Eric,Eric
Alvin Kamara,RB,NO,1,7,,Pat,Mike
Nick Chubb,RB,CLE,1,8,,Jono,Jono
Travis Kelce,TE,KC,1,9,,Rhodes,Rhodes
Austin Ekeler,RB,LAC,1,10,True,Greg,Greg
Aaron Jones,RB,GB,1,11,,Mike,Mike
Stefon Diggs,WR,BUF,1,12,,Justin,Justin
Javonte Williams,RB,DEN,2,12,,Justin,
Mark Andrews,TE,BAL,2,11,,Mike,Mike
James Conner,RB,ARI,2,10,,Greg,Greg
Saquon Barkley,RB,NYG,2,9,,Rhodes,Rhodes
Tyreek Hill,WR,MIA,2,8,,Jono,Jono
Josh Allen,QB,BUF,2,7,,Jono,Jono
Kyle Pitts,TE,ATL,2,6,,Eric,
Ezekiel Elliott,RB,DAL,2,5,,Chris,Chris
A.J. Brown,WR,PHI,2,4,,Stephen,Stephen
Keenan Allen,WR,LAC,2,3,,Chuck,Chuck
Mike Evans,WR,TB,2,2,,Damon,Damon
Michael Pittman,WR,IND,2,1,,David,David
CeeDee Lamb,WR,DAL,3,1,True,David,David
David Montgomery,RB,CHI,3,2,,Damon,Damon
Tee Higgins,WR,CIN,3,3,,Chuck,Chuck
Elijah Mitchell,RB,SF,3,4,,Stephen,
Josh Jacobs,RB,LV,3,5,,Chris,Chris
Patrick Mahomes,QB,KC,3,6,,Eric,Eric
D'Andre Swift,RB,DET,3,7,,Pat,Jono
Justin Herbert,QB,LAC,3,8,,Jono,Mike
Jonathan Taylor,RB,IND,3,9,True,Rhodes,Rhodes
Terry McLaurin,WR,WAS,3,10,,Greg,Greg
Courtland Sutton,WR,DEN,3,11,,Mike,Mike
DK Metcalf,WR,SEA,3,12,,Justin,Justin
Breece Hall,RB,NYJ,4,12,,Justin,Justin
Mike Williams,WR,LAC,4,11,,Mike,Mike
Lamar Jackson,QB,BAL,4,10,,Greg,Damon
Allen Robinson,WR,LAR,4,9,,Rhodes,
George Kittle,TE,SF,4,8,,Jono,Jono
AJ Dillon,RB,GB,4,7,,Chuck,Chuck
J.K. Dobbins,RB,BAL,4,6,,Eric,Eric
Antonio Gibson,RB,WAS,4,5,,Chris,Eric
Clyde Edwards-Helaire,RB,KC,4,4,,Stephen,David
Darren Waller,TE,LV,4,3,,Chuck,Chuck
Jaylen Waddle,WR,MIA,4,2,,Damon,Damon
Dameon Pierce,RB,HOU,4,1,,David,David
DJ Moore,WR,CAR,5,1,,David,David
Diontae Johnson,WR,PIT,5,2,,Damon,Damon
Amon-Ra St. Brown,WR,DET,5,3,,Chuck,David
Jerry Jeudy,WR,DEN,5,4,,Stephen,Stephen
Cooper Kupp,WR,LAR,5,5,True,Chris,Chris
Michael Thomas,WR,NO,5,6,,Eric,
Chris Godwin,WR,TB,5,7,,Pat,Mike
Marquise Brown,WR,ARI,5,8,,Jono,
Damien Harris,RB,NE,5,9,,Chuck,Chuck
Brandin Cooks,WR,HOU,5,10,,Greg,
Dallas Goedert,TE,PHI,5,11,,Chris,Chris
Kyler Murray,QB,ARI,5,12,,Justin,
JuJu Smith-Schuster,WR,KC,6,12,,Justin,Justin
Ja'Marr Chase,WR,CIN,6,11,True,Mike,Mike
Miles Sanders,RB,PHI,6,10,,Greg,Greg
Joe Burrow,QB,CIN,6,9,,Rhodes,Rhodes
Adam Thielen,WR,MIN,6,8,,Jono,Jono
Cordarrelle Patterson,RB,ATL,6,7,,Jono,Jono
Rashaad Penny,RB,SEA,6,6,,Eric,
Tony Pollard,RB,DAL,6,5,,Chris,Chris
T.J. Hockenson,TE,DET,6,4,,Stephen,Stephen
Gabe Davis,WR,BUF,6,3,,Chuck,Chuck
Jalen Hurts,QB,PHI,6,2,,Damon,Damon
Dalton Schultz,TE,DAL,6,1,,David,Chris
Aaron Rodgers,QB,GB,7,1,,David,David
Rhamondre Stevenson,RB,NE,7,2,,Damon,Damon
Hunter Renfrow,WR,LV,7,3,,Chuck,Chris
Russell Wilson,QB,DEN,7,4,,Stephen,Stephen
Dawson Knox,TE,BUF,7,5,,Chris,Chuck
Deebo Samuel,WR,SF,7,6,True,Eric,Eric
Brandon Aiyuk,WR,SF,7,7,,Chuck,Jono
Leonard Fournette,RB,TB,7,8,True,Jono,Jono
Darnell Mooney,WR,CHI,7,9,,Rhodes,Rhodes
DeVonta Smith,WR,PHI,7,10,,Greg,Greg
Chase Edmonds,RB,MIA,7,11,,Mike,
Amari Cooper,WR,CLE,7,12,,Justin,Justin
DeAndre Hopkins,WR,ARI,8,12,,Justin,Justin
Allen Lazard,WR,GB,8,11,,Mike,Pat
Kareem Hunt,RB,CLE,8,10,,Greg,Greg
Rashod Bateman,WR,BAL,8,9,,Rhodes,
Elijah Moore,WR,NYJ,8,8,,Jono,
Chris Olave,WR,NO,8,7,,Pat,Pat
Kenneth Walker,RB,SEA,8,6,,Eric,Eric
Christian Kirk,WR,JAX,8,5,,Chris,Chris
James Cook,RB,BUF,8,4,,Stephen,Mike
Melvin Gordon,RB,DEN,8,3,,Chuck,
Treylon Burks,WR,TEN,8,2,,Damon,Damon
Devin Singletary,RB,BUF,8,1,,David,David
San Francisco 49ers,DEF,SF,9,1,,David,David
James Robinson,RB,JAX,9,2,,Damon,
Alexander Mattison,RB,MIN,9,3,,Chuck,
Robert Woods,WR,TEN,9,4,,Stephen,Rhodes
Michael Carter,RB,NYJ,9,5,,Chris,Chris
Buffalo Bills,DEF,BUF,9,6,,Eric,Eric
Nyheim Hines,RB,IND,9,7,,Pat,Pat
Tyler Lockett,WR,SEA,9,8,,Jono,Eric
Chase Claypool,WR,PIT,9,9,,Rhodes,Rhodes
Skyy Moore,WR,KC,9,10,,Greg,
Darrell Henderson,RB,LAR,9,11,,Mike,
George Pickens,WR,PIT,9,12,,Justin,Justin
Mike Gesicki,TE,MIA,10,12,,Justin,
Derek Carr,QB,LV,10,11,,Mike,
Pat Freiermuth,TE,PIT,10,10,,Greg,Pat
Jarvis Landry,WR,NO,10,9,,Rhodes,Rhodes
Julio Jones,WR,TB,10,8,,Jono,
Drake London,WR,ATL,10,7,,Pat,Pat
Kadarius Toney,WR,NYG,10,6,,Eric,
Matthew Stafford,QB,LAR,10,5,,Chris,
Baltimore Ravens,DEF,BAL,10,4,,Stephen,Stephen
Justin Tucker,K,BAL,10,3,,Chuck,Chuck
Travis Etienne,RB,JAX,10,2,True,Damon,Damon
Zach Ertz,TE,ARI,10,1,,David,
Garrett Wilson,WR,NYJ,11,1,,David,David
DJ Chark,WR,DET,11,2,,Damon,Stephen
Brian Robinson,RB,WAS,11,3,,Chuck,Chuck
Justin Jefferson,WR,MIN,11,4,True,Stephen,Stephen
Daniel Carlson,K,LV,11,5,,Chris,Chris
Kenneth Gainwell,RB,PHI,11,6,,Eric,
Tyler Allgeier,RB,ATL,11,7,,Pat,Pat
Marquez Valdes-Scantling,WR,KC,11,8,,Jono,Pat
Tampa Bay Buccaneers,DEF,TB,11,9,,Rhodes,Rhodes
Los Angeles Rams,DEF,LAR,11,10,,Greg,
Indianapolis Colts,DEF,IND,11,11,,Mike,
Raheem Mostert,RB,MIA,11,12,,Justin,Justin
Romeo Doubs,WR,GB,12,12,,Justin,Jono
Evan McPherson,K,CIN,12,11,,Mike,Mike
Tyler Boyd,WR,CIN,12,10,,Greg,Greg
Cole Kmet,TE,CHI,12,9,,Rhodes,David
Hunter Henry,TE,NE,12,8,,Pat,
Dak Prescott,QB,DAL,12,7,,Pat,David
Tyrion Davis-Price,RB,SF,12,6,,Eric,
New Orleans Saints,DEF,NO,12,5,,Chris,Pat
Khalil Herbert,RB,CHI,12,4,,Stephen,
Rachaad White,RB,TB,12,3,,Rhodes,David
Isiah Pacheco,RB,KC,12,2,,Damon,Eric
Isaiah Spiller,RB,LAC,12,1,,David,
DeVante Parker,WR,NE,13,1,,David,
Albert Okwuegbunam,TE,DEN,13,2,,Damon,
Trey Lance,QB,SF,13,3,True,Chuck,
Jeff Wilson,RB,SF,13,4,,Stephen,Stephen
Trevor Lawrence,QB,JAX,13,5,,Mike,Chuck
Tom Brady,QB,TB,13,6,,Eric,Eric
Jamaal Williams,RB,DET,13,7,,Pat,Jono
Michael Gallup,WR,DAL,13,8,,Pat,Pat
Tyler Bass,K,BUF,13,9,,Rhodes,Rhodes
Zamir White,RB,LV,13,10,,Greg,
Mark Ingram,RB,NO,13,11,,Mike,
Denver Broncos,DEF,DEN,13,12,,Justin,
Cam Akers,RB,LAR,14,12,True,Justin,Mike
Jameson Williams,WR,DET,14,11,,Mike,Mike
Rondale Moore,WR,ARI,14,10,,Greg,Greg
Jahan Dotson,WR,WAS,14,9,,Rhodes,Damon
New England Patriots,DEF,NE,14,8,,Jono,Chuck
Isaiah McKenzie,WR,BUF,14,7,,Pat,Pat
Matt Gay,K,LAR,14,6,,Eric,
Dallas Cowboys,DEF,DAL,14,5,,Chris,Chris
KaVontae Turpin,WR,DAL,14,4,,Stephen,
Ronald Jones,RB,KC,14,3,,Pat,
Jalen Tolbert,WR,DAL,14,2,,Damon,
Christian Watson,WR,GB,14,1,,David,Stephen
Mecole Hardman,WR,KC,15,1,,David,David
Tennessee Titans,DEF,TEN,15,2,,Damon,
Sammy Watkins,WR,GB,15,3,,Pat,
Matt Prater,K,ARI,15,4,,Stephen,
J.D. McKissic,RB,WAS,15,5,,Chris,
Russell Gage,WR,TB,15,6,,Eric,Eric
Los Angeles Chargers,DEF,LAC,15,7,,Pat,
Chuba Hubbard,RB,CAR,15,8,,Jono,Greg
Kenny Golladay,WR,NYG,15,9,,Rhodes,
Wan'Dale Robinson,WR,NYG,15,10,,Greg,
Green Bay Packers,DEF,GB,15,11,,Mike,Justin
Harrison Butker,K,KC,15,12,,Justin,Eric
Danny Gray,WR,SF,16,12,,Justin,
Jordan Mason,RB,SF,16,11,,Mike,Chuck
Brandon McManus,K,DEN,16,10,,Greg,
Justin Fields,QB,CHI,16,9,,Rhodes,Mike
Nick Folk,K,NE,16,8,,Jono,Justin
Robbie Gould,K,SF,16,7,,Pat,David
Pittsburgh Steelers,DEF,PIT,16,6,,Eric,
Ameer Abdullah,RB,LV,16,5,,Chris,
Marvin Jones,WR,JAX,16,4,,Stephen,
Odell Beckham,WR,,16,3,,Chuck,Chuck
Younghoe Koo,K,ATL,16,2,,Damon,
Philadelphia Eagles,DEF,PHI,16,1,,David,Stephen
